model,prefix,method,prompt_level,train,test,accuracy,std,cons_loss,layer,location,loss,sim_loss
roberta-large-mnli,normal,CCS,all,all,amazon-polarity,0.8881818181818182,0.034822454045990575,0.03380232635823944,-1.0,encoder,0.08335151425168756,0.049549187893448095
roberta-large-mnli,normal,CCS,all,amazon-polarity,amazon-polarity,0.8899999999999999,0.03417867490383176,0.0335807385150069,-1.0,encoder,0.0837301470972982,0.05014940858229129
